"county","state","area","pop","p18_25","p65","nphysician","nhospbeds","phs","pcollege","ppoverty","punemployed","avg_income","tot_income","region","crime"
"Los_Angeles","CA",4060,8863164,32.1,9.7,23677,27700,70,22.3,11.6,8,20786,184230,4,77.7302552451924
"Cook","IL",946,5105067,29.2,12.4,15153,21550,73.4,22.8,11.1,7.2,21729,110928,2,85.5886906087618
"Harris","TX",1729,2818199,31.3,7.1,7553,12449,74.9,25.4,12.5,5.7,19517,55003,3,89.9602902421014
"San_Diego","CA",4205,2498016,33.5,10.9,5905,6179,81.9,25.3,8.1,6.1,19588,48931,4,69.5836215620717
"Orange","CA",790,2410556,32.6,9.2,6062,6369,81.2,27.8,5.2,4.8,24400,58818,4,59.9546328730799
"Kings","NY",71,2300664,28.3,12.4,4861,8942,63.7,16.6,19.5,9.5,16803,38658,1,295.986723832772
"Maricopa","AZ",9204,2122101,29.2,12.5,4320,6104,81.5,22.1,8.8,4.9,18042,38287,4,83.6873457012649
"Wayne","MI",614,2111687,27.4,12.5,3823,9490,70,13.7,16.9,10,17461,36872,2,91.8592575509533
"Dade","FL",1945,1937094,27.1,13.9,6274,8840,65,18.8,14.2,8.7,17823,34525,3,126.33615095602
"Dallas","TX",880,1852810,32.6,8.2,4718,6934,77.1,26.3,10.4,6.1,21001,38911,3,115.639488128842
"Philadelphia","PA",135,1585577,29.1,15.2,6641,10494,64.3,15.2,16.1,8,16721,26512,1,68.8380318332065
"King","WA",2126,1507319,30.1,11.1,5280,4009,88.2,32.8,5,4.6,23779,35843,4,82.9014959673433
"Santa_Clara","CA",1291,1497577,32.6,8.7,4101,3342,82,32.6,5,5.5,25193,37728,4,51.4223976463314
"San_Bernardino","CA",20062,1418380,30.1,8.8,2463,3349,75.4,14.9,10.3,8,16399,23260,4,58.5950168502094
"Cuyahoga","OH",458,1412140,26.3,15.6,5620,8132,74,20.1,11,5.5,21086,29776,2,51.8008129505573
"Middlesex","MA",824,1398468,31.7,12.5,5158,4152,84.3,35.4,4.2,7.3,25312,35398,1,25.6173183798271
"Allegheny","PA",730,1336449,26.2,17.4,5281,8436,79,22.6,8.7,5.3,20681,27639,1,37.551750945977
"Suffolk","NY",911,1321864,27.9,10.8,3021,3904,82.2,23,3.3,7,24262,32071,1,50.4764484092161
"Nassau","NY",287,1287348,25.7,14.2,6147,5200,84.2,30,2.5,5.1,31679,40782,1,33.5596901537114
"Alameda","CA",738,1279182,30.8,10.6,3169,3284,81.4,28.8,8.1,5.3,22148,28331,4,83.9114371528055
"Broward","FL",1209,1255488,25.3,20.7,2456,5543,76.8,18.8,7.1,7.4,22355,28066,3,85.5332747107101
"Bexar","TX",1247,1185394,29.5,9.9,3062,4086,72.7,19.7,16.2,6.7,15508,18383,3,112.281654875932
"Riverside","CA",7208,1170413,27.9,13.2,1385,2435,74.1,14.6,8.4,10.7,17185,20114,4,81.5900028451495
"Tarrant","TX",864,1170103,32.2,8.3,1677,3672,79.9,24,8.2,6.6,18825,22027,3,113.233621313679
"Oakland","MI",873,1083592,27.6,10.9,4020,3254,84.6,30.2,4.4,7.3,26884,29131,2,47.0324624028232
"Sacramento","CA",966,1041219,29.7,10.6,2464,2855,82.2,23,9.8,6.3,18934,19714,4,80.9675966343296
"Hennepin","MN",557,1032431,31.6,11.3,3706,5395,88.2,31.6,6.4,4.3,23705,24474,2,69.4990754830105
"St._Louis","MO",508,993529,26.1,13.1,1194,1056,82.3,29.2,4,5.1,24219,24062,2,42.8724274782115
"Erie","NY",1045,968532,27.3,15.2,2748,4632,76.4,20,9.4,6.8,18305,17729,1,57.1029145139242
"Franklin","OH",540,961437,33.5,9.6,2675,4011,81,26.6,9.1,4.2,19040,18306,2,85.996274326867
"Milwaukee","WI",242,959275,29.3,13.6,2774,4141,76.3,19.3,12.6,4.9,18431,17680,2,76.8090485001694
"Westchester","NY",433,874866,26.3,14.4,4577,3540,81,35.3,4.7,5.4,33330,29159,1,42.4270688311124
"Hamilton","OH",407,866228,28,13.3,3164,4683,75.6,23.7,10.3,4.5,20580,17827,2,66.0426585148483
"Palm_Beach","FL",1974,863518,23.3,24.4,1833,3164,78.8,22.1,6.2,8.4,26798,23141,3,88.1765058748052
"Hartford","CT",736,851783,28.3,14.1,2851,2940,77.7,25.8,6,6.9,24875,21188,1,60.9615359780601
"Pinellas","FL",280,851659,22.4,26,1620,4458,78.1,18.5,6.2,6.2,21610,18404,3,73.2030073069151
"Honolulu","HI",600,836231,30.6,11,2025,2174,81.2,24.6,5.4,2.3,21307,17818,4,61.0261996984087
"Hillsborough","FL",1051,834054,29.4,12.2,2012,3068,75.6,20.2,9.5,6,16876,14075,3,107.780791171795
"Fairfield","CT",626,827645,26.7,13.3,2417,2494,81,34.2,4.5,5.9,32342,26768,1,53.6147744503984
"Shelby","TN",755,826330,29.4,10.4,2489,4918,75.1,20.8,14.7,5.4,18430,15229,3,81.1201336027979
"Bergen","NJ",234,825380,25.4,15.3,3226,2279,81.6,31.7,2.7,5.2,32230,26602,1,34.5549928517774
"Fairfax_County","VA",396,818584,29.2,6.5,1694,135,91.4,49,2.2,3.2,28999,23738,3,36.8954194071714
"New_Haven","CT",606,804219,28.7,14.7,3161,2486,77.5,24.2,6,7.3,22197,17851,1,65.7818330579108
"Contra_Costa","CA",720,803732,26.5,10.9,1761,1781,86.5,31.6,5.5,5.6,25523,20514,4,63.7563267357776
"Marion","IN",396,797159,30.6,11.7,2936,4654,76.8,21.4,9.3,5,19148,15264,2,76.5267656766091
"DuPage","IL",334,781666,29,8.7,2157,1842,88.6,36,1.7,4.8,26772,20927,2,38.0060025637549
"Essex","NJ",126,778206,28.6,12.7,2811,4841,70.1,24,11.3,7.9,24523,19084,1,97.1400888710701
"Montgomery","MD",495,757027,28.6,10.2,4635,1507,90.6,49.9,2.7,3.3,30081,22772,3,45.9085343059098
"Clark","NV",7911,741459,29,10.5,969,2011,77.3,13.8,7.5,5.8,18625,13810,4,71.1920686106717
"Baltimore_City","MD",81,736014,30,13.7,5444,6203,60.7,15.5,17.8,9.4,17263,12706,3,118.686601070088
"Prince_George's","MD",486,729268,33.7,6.9,1253,1322,83.2,25.5,3.7,5,19568,14270,3,74.6899630862728
"Salt_Lake","UT",737,725956,27.8,8.5,2094,2076,85.3,23.8,7.7,4.5,15399,11179,4,80.7349205736987
"San_Francisco","CA",47,723959,32.2,14.5,4761,3640,78,35,9.7,5.6,28532,20656,4,98.3950748592116
"Macomb","MI",480,717400,28.2,12.3,705,1202,76.9,13.5,4,9.4,20924,15011,2,57.2177306941734
"Monroe","NY",659,713968,29,12.5,2438,3077,80.1,26.3,7.7,4.4,21641,15451,1,61.319274813437
"Worcester","MA",1513,709705,29.2,13.7,1902,2205,77.4,22.2,6.3,10.2,19895,14120,1,10.0027476204902
"Baltimore","MD",599,692134,27.8,14,1269,641,78.4,25,3.8,5.7,23470,16244,3,67.6010714688196
"Montgomery","PA",483,678111,26.1,15,3237,2425,83.8,32.1,2.2,5,28462,19300,1,29.9877158754245
"Orange","FL",908,677491,33.2,10.6,1367,2929,78.8,21.2,7.8,6.6,17879,12113,3,77.6054589655066
"Duval","FL",774,672971,30.7,10.7,1538,2623,76.9,18.4,9.8,6.6,17662,11886,3,101.915238546683
"Middlesex","NJ",311,671780,31.6,11.8,1637,1880,79.4,26.5,3.4,5.7,24896,16725,1,45.4732203995356
"Essex","MA",498,670080,27.3,14.1,1185,2009,80.2,25.9,7.5,9,22834,15301,1,51.2058261700096
"Ventura","CA",1846,669016,28.8,9.4,1168,1372,79.4,23,5,7,21420,14330,4,45.1932390256735
"Fresno","CA",5963,667490,28.3,10.4,1188,1681,66.2,16.9,16.8,12.6,16365,10923,4,92.8912792701014
"Pima","AZ",9187,666880,28.9,13.7,1841,2016,80.5,23.3,12,3.9,15191,10131,4,85.5491242802303
"Jefferson","KY",385,664937,27,13.4,2171,3559,74.1,19.3,10.9,6.3,19140,12727,3,48.7549948340971
"Suffolk","MA",59,663906,39.2,12.1,5674,6154,75.4,27.7,14.4,8.7,23150,15369,1,103.641178118589
"Jefferson","AL",1113,651525,26.7,14,2532,4602,73.8,19.9,12.7,5.3,18624,12134,3,85.3443843290741
"San_Mateo","CA",449,649623,28.4,12.3,1814,1642,84.1,31.3,4.3,4.2,28819,18721,4,46.9087455339481
"Fulton","GA",529,648951,31.6,10,3368,5757,77.8,31.6,15.4,5.3,22819,14808,3,143.346724174861
"Jackson","MO",605,633232,28.1,13.1,1695,3762,79.5,20,9.8,6.5,18611,11785,2,97.5313944968037
"Norfolk","MA",400,616087,28.8,14.1,2758,1903,88,34.4,3.1,7.5,26909,16578,1,24.0712756477575
"District_of_Columbia","DC",61,606900,33.6,12.8,3674,4262,73.1,33.3,13.3,7.7,23603,14325,3,106.101499423299
"Oklahoma","OK",709,599611,28.4,12.1,1922,3487,79.1,22.6,11.3,6,17741,10638,3,95.1366802810489
"Providence","RI",413,596270,29.9,15.8,1862,2360,67,18.3,8.9,9,17866,10653,1,58.0726851929495
"El_Paso","TX",1013,591610,29.5,8.1,795,1650,63.7,15.2,22.4,10.8,11545,6830,3,91.2797281993205
"Pierce","WA",1676,586203,29.5,10.5,915,1226,83.2,17.5,8.7,6.4,16194,9493,4,71.6134171950672
"Multnomah","OR",435,583887,28.4,13.6,2571,3009,82.9,23.7,8.9,5.1,19215,11219,4,99.7042235912086
"Travis","TX",989,576407,38,7.3,1254,1392,83.4,34.7,10.2,4.8,18340,10571,3,105.760339482345
"Montgomery","OH",462,573809,28.1,12.6,1313,3068,77.8,20,9.8,5.7,18410,10564,2,63.8975687031748
"Monmouth","NJ",472,553124,25.6,12.7,1300,1904,82.8,28.4,3.4,5.8,27391,15151,1,40.320072895047
"Hudson","NJ",47,553099,31.5,12.7,1036,2443,64.1,19.7,12.4,9,18463,10212,1,73.3702284762764
"Delaware","PA",184,547651,27.6,15.5,1374,1588,81.4,24.8,5,5.3,23658,12956,1,34.5548533646428
"De_Kalb","GA",268,545837,32.6,8.5,1036,922,83.9,32.7,7.2,4.4,21005,11465,3,104.335176985071
"Kern","CA",8142,543477,28.3,9.7,682,1194,67.6,13.3,13.7,11.8,15881,8631,4,66.8252750346381
"Bucks","PA",608,541174,26.6,10.9,879,1435,82.9,24.8,2.9,6.7,22548,12202,1,31.2173164268793
"Lake","IL",448,516418,28.9,8.4,1093,1499,84.7,32,3.7,4.6,27378,14138,2,43.2769578132443
"Summit","OH",413,514990,26.8,13.8,1216,2226,78.3,19.7,9.5,6,18583,9570,2,50.9291442552283
"Mecklenburg","NC",527,511433,32,9.4,1114,2021,81.6,28.3,7.2,4.8,20942,10710,3,113.404883924189
"Davidson","TN",502,510784,32.1,11.6,2293,3847,75.9,24.4,10,4.6,19505,9963,3,88.5638547801027
"Bristol","MA",556,506325,27.6,14.4,572,1306,65,15.9,7.4,12.3,18521,9378,1,43.4957784031995
"Tulsa","OK",570,503341,28.2,11.5,1158,2512,81.7,23.7,10,6.1,19295,9712,3,78.4676789691283
"Camden","NJ",222,502824,27.5,12.2,1255,2041,75.5,21,8,6.9,19930,10021,1,69.2369497080489
"Kent","MI",856,500631,29.6,10.8,1007,1460,80.3,20.7,6.9,7.5,18674,9349,2,63.0264606067143
"Orleans","LA",181,496938,28.3,13,2500,4018,68.1,22.4,27.3,6.1,16578,8238,3,109.144400307483
"Union","NJ",103,493819,26.8,15,1362,2541,75.2,25,5.3,6.9,26248,12962,1,61.3564889159793
"Ramsey","MN",156,485765,31,12.2,1512,1140,85,28.8,8.1,4.3,20303,9862,2,62.9398989223184
"San_Joaquin","CA",1399,480628,27.7,11.1,666,1051,68.6,13.2,12,12,15453,7427,4,85.6774886190567
"Bernalillo","NM",1166,480577,29.2,10.5,1585,1726,82.1,26.7,10.9,5.2,17518,8419,4,85.8967449545026
"Lake","IN",497,475594,25.5,12.3,707,2413,73.5,12.8,11.7,7.1,16327,7765,2,62.923417873228
"Onondaga","NY",780,468973,29.4,13,1534,1668,80.7,24.4,7.1,5.6,19401,9099,1,49.574282527992
"Denver","CO",153,467610,30.3,13.8,2867,3652,79.2,29,13.1,5.4,22156,10360,4,80.1223241590214
"Snohomish","WA",2090,465642,28.1,9.5,502,672,85.7,19.3,4.9,5.6,18545,8635,4,43.6451179232114
"Lucas","OH",340,462361,27.8,13,1391,3021,76.2,17,12,8.8,17815,8237,2,82.6064482082183
"Hampden","MA",619,456310,27.8,14.8,904,1665,73.6,17.6,10.9,9.6,19073,8703,1,53.1371216935855
"Passaic","NJ",185,453060,28.9,12.9,831,1912,68.8,18.7,7.6,8.1,21973,9955,1,58.3454730057829
"Jefferson","LA",306,448306,28.1,10.2,1237,1648,76,18.8,11.4,5.6,17101,7666,3,92.849526885654
"Cobb","GA",340,447745,31.7,6.3,622,983,85.8,33,3.8,4.1,21933,9820,3,61.6020279400105
"New_Castle","DE",426,441946,30.6,11.4,1038,1488,80.6,25.2,5,6.2,22284,9848,1,62.7158069085363
"Jefferson","CO",772,438430,26.9,8,551,298,89.8,30.7,4.1,4.1,20997,9206,4,53.4931459982209
"Plymouth","MA",661,435276,27.1,11.6,576,813,83.8,22.2,5.3,10.4,21500,9358,1,34.1070952682895
"Ocean","NJ",636,433203,22.4,23.2,513,1475,74.9,15.3,4.3,7.4,20974,9086,1,40.1174507101751
"Genesee","MI",640,430459,27.2,10.2,692,1830,76.8,12.8,14,12.6,16829,7244,2,76.9782952615696
"Anne_Arundel","MD",416,427239,29.6,8.8,616,617,81.1,24.6,3,5,22797,9740,3,51.086160205412
"Wake","NC",834,423380,34.5,7.8,761,1199,85.4,35.3,5.5,3.5,20658,8746,3,61.4247248334829
"Lancaster","PA",949,422822,27.2,13.1,574,1241,70.5,16.7,5.3,5.3,18878,7982,1,30.9491937505617
"Morris","NJ",469,421353,26.7,10.6,1147,1599,87,36.7,1.8,5.1,31520,13281,1,28.8285594264192
"Douglas","NE",331,416444,29,11.4,1603,2889,84.5,24.9,8.1,2.9,19629,8174,2,62.4477720894046
"Polk","FL",1875,405382,23.9,18.6,559,1288,68,12.9,9.4,10.1,14835,6014,3,91.987310734073
"Sedgwick","KS",1000,403662,28.5,11.4,930,1840,82.4,22.2,8.3,4.5,19276,7781,2,84.4047742913626
"Brevard","FL",1019,398978,26.2,16.6,563,1085,82.3,20.4,6.3,7.1,17668,7049,3,59.3666818721834
"El_Paso","CO",2127,397014,31.7,8,548,1026,88.3,25.8,8.1,6.1,16807,6673,4,63.5594714544071
"St._Louis_City","MO",62,396685,28.7,16.6,4189,7814,62.8,15.3,20.6,9,18113,7185,2,161.596732924109
"Burlington","NJ",805,395066,28.8,10.7,719,1150,81.9,23.6,3.1,5.6,23008,9090,1,32.9919557744782
"VA_Beach_City","VA",248,393069,35.3,5.9,679,530,88,25.5,4.3,5.4,17697,6956,3,59.5620616227685
"Arapahoe","CO",803,391511,28.3,7.4,583,742,91.5,35.2,4.4,3.9,22507,8812,4,70.4628988712961
"Sonoma","CA",1576,388222,25.8,13.4,840,798,84.4,24.5,5.2,5.7,22055,8562,4,47.79739427441
"Hidalgo","TX",1569,383545,26.4,10.1,311,860,46.6,11.5,36.3,17.6,8899,3413,3,69.6450220964945
"East_Baton_Rouge","LA",456,380105,31.5,9.2,841,1876,80.5,27.5,15.1,5.4,17881,6797,3,109.422396443088
"Mobile","AL",1233,378643,26.7,11.8,850,1898,70.1,15.5,17.5,7.2,14389,5448,3,80.3104771513008
"Chester","PA",756,376396,27.1,10.9,594,920,84.9,34.7,3,4.6,24732,9309,1,25.2154645639167
"Volusia","FL",1106,370712,24.3,22.8,495,1349,75.4,14.8,7.9,6.9,15648,5801,3,69.4231640734586
"Stanislaus","CA",1495,370522,27.4,10.8,558,1306,68.4,13,11.4,14.3,15238,5646,4,68.7165674372912
"Westmoreland","PA",1023,370321,23.3,17.1,522,1306,77.7,15.4,8.6,6.9,17069,6321,1,20.104179887179
"Santa_Barbara","CA",2739,369608,32.8,12.3,875,1031,80,26.6,7.4,6,21902,8095,4,49.5470877253739
"Stark","OH",576,367585,24.9,14.4,595,1537,76,14.3,8.9,6.9,16898,6211,2,47.5155406232572
"Dane","WI",1202,367085,35.6,9.3,1603,1382,88.9,34.2,4.8,3.1,20087,7374,2,55.4204067177902
"Spokane","WA",1764,361364,27,13.2,852,1346,84.4,20.6,9.8,6.2,16365,5914,4,55.4620825538792
"Will","IL",837,357313,27.4,8.6,298,746,80.4,18,4.5,7.4,18787,6713,2,45.9876914637867
"Monterey","CA",3322,355660,32.6,9.8,515,602,72.9,21.5,8.5,10.9,19465,6923,4,50.2446156441545
"Johnson","KS",477,355054,27.5,9.4,1173,925,92.9,40.5,2.5,3.3,26156,9287,2,42.9174153790691
"Gwinnett","GA",433,352910,32.6,4.7,271,439,86.7,29.6,2.9,4,19861,7009,3,48.5081182171092
"Pulaski","AR",771,349660,28.5,11.5,1510,2785,79,23.5,10.5,5.8,18225,6373,3,121.272092890236
"Guilford","NC",650,347420,30.4,11.9,676,1188,76.1,24.8,7.3,5.4,20349,7070,3,81.2043060272869
"Solano","CA",828,340421,29.7,8.2,481,503,82.7,18.7,6,7,17268,5878,4,63.9091007899043
"York","PA",905,339574,26.6,13.1,460,951,72.8,13.9,4.3,6.2,19502,6622,1,33.253429296707
"Berks","PA",859,336523,26.1,15.6,567,1041,70,15.1,5.2,6.7,19655,6614,1,38.1162654558529
"Hillsborough","NH",877,336073,30,10.3,587,1050,82.2,26.4,4,7.5,22581,7589,1,38.2149116412208
"Knox","TN",509,335749,30,12.7,984,2178,74.6,23.9,10.2,4.6,17382,5836,3,66.7820306240674
"Lee","FL",804,335113,21.5,24.7,509,1202,76.9,16.4,6.1,6.4,18877,6326,3,55.0321831740338
"Luzerne","PA",891,328149,24.1,19.7,594,1495,72,13.1,8.3,8.8,16405,5383,1,15.1821276310457
"Mercer","NJ",226,325824,29.2,13,994,1724,77.1,29.5,5.3,5.5,26026,8480,1,61.8524111176586
"Greenville","SC",792,320167,28.2,11.9,650,1358,71.6,21,7.8,4.9,17874,5723,3,64.041578301324
"Kane","IL",521,317471,27.8,9.3,473,1263,77.7,21.4,5,7.5,21684,6884,2,52.6693776754412
"Tulare","CA",4824,311921,26.3,10.8,358,656,60.2,11.8,18,17.1,14710,4588,4,62.4805639889587
"Washington","OR",724,311554,27.6,10.1,353,294,88.2,29.8,4.8,4.4,19932,6210,4,40.5387188095804
"Orange","NY",816,307647,28,10.4,479,986,77.2,19.5,6.4,6.7,19788,6088,1,35.6740029969413
"Waukesha","WI",556,304715,24.4,9.8,687,677,88,27.1,2.2,4.1,23004,7010,2,29.3224816631935
"Allen","IN",657,300836,27.4,11.4,552,1268,81.2,19,5.6,5.9,19123,5753,2,65.9562020502865
"Charleston","SC",917,295039,34.1,10.1,1357,1956,75.5,22.4,13.8,4.9,16015,4725,3,95.5466904375354
"Albany","NY",524,292594,30.4,14.7,1257,1246,80.9,28.3,6,4.5,21003,6145,1,51.5287394820126
"Butler","OH",467,291479,29.9,10.2,308,878,76,18.7,7.6,6.6,16750,4882,2,47.516287622779
"Nueces","TX",836,291145,27.3,10.1,584,1406,68.9,17,17.2,7.7,15124,4403,3,98.2534475948411
"Lehigh","PA",347,291130,26.3,15.4,637,1305,74.6,19.6,4.9,6.6,19785,5760,1,42.0911620238382
"Seminole","FL",308,287529,27.9,10.3,357,352,84.6,26.3,5.3,6.1,17885,5142,3,60.9260283310553
"Richland","SC",757,285720,34.7,9.5,999,1207,79.4,28,10.1,4.6,17137,4896,3,84.3518129637407
"Hamilton","TN",543,285536,26.3,13.5,738,1573,72.5,19.7,10.2,5.9,18242,5209,3,82.4134259778101
"Washtenaw","MI",710,282937,39.5,7.5,2188,1730,87.2,41.9,6.4,6,22782,6446,2,68.4498669315077
"Lane","OR",4554,282912,27.4,13.1,497,654,83,22.2,9.4,6.5,15701,4442,4,56.8763431738491
"Ingham","MI",559,281912,37.4,8.7,729,1438,83.9,29.2,11,6.9,17458,4922,2,61.4979142427424
"Pasco","FL",745,281131,18.4,32.3,308,941,66.9,9.1,7.9,8.3,13944,3920,3,44.495270887949
"Clackamas","OR",1868,278850,23.1,11.5,462,345,85.7,23.6,4.7,4.2,19942,5561,4,46.1000537923615
"Sarasota","FL",572,277776,18.2,32.1,631,1363,81.3,21.9,4.6,5.1,24948,6930,3,71.2840562179598
"Erie","PA",802,275572,27.5,13.8,468,1417,77.5,16.2,9.5,7.1,16331,4500,1,36.0559127923011
"Dakota","MN",570,275227,30.6,6.4,201,283,90.7,27.6,3.3,4.7,21123,5814,2,39.7962409211306
"Cumberland","NC",653,274566,37.4,6.2,291,586,80.3,16.6,12.1,6.4,12923,3548,3,91.9523903178107
"Denton","TX",889,273525,36.9,5,216,458,86.8,32.3,4.5,5.6,17801,4869,3,74.4794808518417
"Lorain","OH",493,271126,26.4,11.6,291,941,75.3,12.3,9.1,9.5,16006,4340,2,36.3816085510058
"Forsyth","NC",410,265878,29.2,12.3,1194,1609,77.6,24.1,7.8,4.4,20645,5489,3,81.0672564108351
"Rockland","NY",174,265475,25.5,10.1,931,745,83.3,33,4.1,5.3,26757,7103,1,27.0985968546944
"Adams","CO",1192,265038,29.6,7.6,439,318,78.8,13,8.8,5,16116,4271,4,73.0800866290871
"Mahoning","OH",415,264806,23.5,17.1,601,1473,74.6,14,12.8,6.7,16256,4305,2,49.7760624759258
"Collin","TX",848,264036,29.8,5.3,282,571,88.3,39.1,3.9,5.9,22303,5889,3,66.7522610553106
"Utah","UT",1998,263590,33.9,7,291,544,87.9,26.2,10.6,4.3,11467,3023,4,40.2329375165977
"St._Clair","IL",664,262852,26.8,12.7,329,1088,72.6,14.7,13.9,8.4,16190,4256,2,55.4038013787226
"Escambia","FL",664,262798,29.2,11.9,522,1584,76.2,18.2,13.3,5.8,15392,4045,3,54.7188334766627
"Norfolk_City","VA",54,261229,41.7,10.5,1101,1471,72.7,16.8,15.1,6.4,16412,4287,3,96.4441160820583
"Cameron","TX",906,260120,25.9,10.6,270,825,50,12,33.7,12.5,9728,2530,3,72.4357988620637
"Dutchess","NY",802,259462,29,11.4,535,741,79.8,24.8,3.6,5.1,22173,5753,1,35.0224695716521
"New_London","CT",666,254957,31.2,11.9,486,515,80.9,21.8,4.7,6.8,20259,5165,1,30.6208497903568
"Washoe","NV",6343,254667,29.5,10.3,603,990,82.5,20.7,6.3,5,21327,5431,4,73.9436204926433
"Hinds","MS",869,254441,29.5,11.2,1076,2118,75.2,26.4,16.7,6.3,16215,4126,3,113.350442735251
"Winnebago","IL",514,252913,26.5,12.7,521,910,76.3,16.7,7.7,7.9,18376,4648,2,77.7895956316994
"Oneida","NY",1213,250836,27.7,15.5,437,905,75.1,16.7,8.8,6.7,16477,4133,1,36.8128976701909
"Madison","IL",725,249238,26.2,13.9,275,1120,75.8,14.4,8.5,7.9,17980,4481,2,42.7944374453334
"Caddo","LA",882,248253,25.2,13.3,898,1868,73.4,18.2,19.1,7.1,16337,4056,3,88.9858330010111
"Northampton","PA",374,247105,26.9,15,459,933,73.1,16.7,4.9,6.8,18336,4531,1,26.1103579450031
"St._Joseph","IN",457,247052,28.2,14.1,417,927,76.1,19.2,7.1,5.7,17211,4252,2,43.0557129673105
"Rockingham","NH",695,245845,29,9.2,343,514,86.2,25.9,3.2,8,21770,5352,1,29.6731680530416
"Cumberland","ME",836,243135,29.1,13,732,1104,85,27.6,5.7,5.7,21362,5194,1,56.824397968207
"Somerset","NJ",305,240279,28.6,10.8,783,374,86.3,38.3,1.4,4.1,33180,7972,1,34.5764715185264
"Jefferson","TX",904,239397,25.8,14,449,1724,74.4,15.5,15.5,6.7,17418,4170,3,90.5483360276027
"Madison","AL",805,238912,31.4,8.9,399,933,80.2,30.1,8.4,5.2,18990,4537,3,27.7717318510581
"Clark","WA",628,238053,25.3,10.6,256,299,83.9,16.8,7,6.6,16790,3997,4,44.9731782418201
"Dauphin","PA",525,237813,26.8,14.3,824,1425,77.6,18.6,7.2,5.5,18348,4363,1,48.6222367995021
"Marin","CA",520,230096,24.7,12.3,1001,488,91.9,44,3,4,37541,8638,4,41.1132744593561
"Gloucester","NJ",325,230082,28,10.8,199,339,77.5,18.1,4.7,7.1,18523,4262,1,42.3588112064394
"Santa_Cruz","CA",446,229734,29.9,11.3,429,390,81.9,29.7,6.2,8,22025,5060,4,59.6646556452245
"Marion","OR",1185,228483,25.7,14.3,376,498,78.7,17.5,9.4,5.7,16022,3661,4,64.8844771821098
"Trumbull","OH",616,227813,23.9,14.4,225,925,75.2,11.4,9.4,7.9,16144,3678,2,32.1096688951026
"Spartanburg","SC",811,226800,27,12.6,375,832,63,14.3,8.8,5.5,15776,3578,3,75.8289241622575
"Fort_Bend","TX",875,225421,26.8,4.9,231,301,80.9,30.2,6.9,3.8,18301,4125,3,41.8461456563497
"Fayette","KY",285,225366,34.9,9.9,1248,1851,80.2,30.6,10.2,3.8,19320,4354,3,77.1101230886647
"Boulder","CO",743,225339,34.2,7.6,452,387,91.3,42.1,5.6,3.5,21421,4827,4,62.6788971283267
"Atlantic","NJ",561,224327,29,14.5,379,990,72.9,16.4,6.4,8.3,24035,5392,1,112.188902807063
"Kalamazoo","MI",562,223411,32.4,10.6,614,793,83.4,27.1,8.9,5.9,18288,4086,2,68.5105030638599
"Lubbock","TX",900,222636,34.1,9.8,655,1562,74.2,23.4,13.2,5.6,15443,3438,3,65.1691550333279
"Niagara","NY",523,220756,25.8,15.1,239,893,75.8,13.6,8.6,8.3,16647,3675,1,42.7485549656634
"Lackawanna","PA",459,219039,24.3,19.8,429,1136,73.3,14.8,7.8,7.9,16963,3716,1,19.9416542259598
"Galveston","TX",399,217399,26.9,10.5,950,1592,75.8,19.3,12.5,7,17744,3858,3,85.4925735628959
"San_Luis_Obispo","CA",3305,217162,31.4,14.1,424,522,83.3,22.9,6.8,5.8,17221,3740,4,37.3131579189729
"Chatham","GA",440,216935,28.5,12.8,494,1112,73.7,18.6,13.6,4.3,17776,3856,3,86.348445386867
"Prince_William_County","VA",338,215686,32.3,3,196,153,87.8,27.6,2.3,4.3,20543,4431,3,41.7319622043155
"Lake","OH",228,215499,26.4,12,233,359,81.1,17.5,3.6,5.7,19692,4244,2,25.4339927331449
"Lancaster","NE",839,213641,33.9,10.8,389,778,88.1,27.6,6,2.2,17816,3806,2,76.8298219910972
"St._Charles","MO",561,212907,29,6.9,172,613,83.3,21.2,3.5,6.4,18753,3993,2,36.565260888557
"Broome","NY",707,212160,28.6,15,460,816,78.9,20.7,6.5,5.9,18058,3831,1,35.0443061840121
"Saginaw","MI",809,211946,25.5,12,335,1193,74.8,13,14.7,8.8,16904,3583,2,76.387381691563
"Manatee","FL",741,211707,21,28.1,322,855,75.6,15.5,6.8,5.8,17997,3810,3,79.9028846471775
"Montgomery","AL",790,209085,28.4,11.6,419,1102,75.3,24.2,14.1,5.9,17469,3653,3,83.1623502403329
"Greene","MO",675,207949,31,13.3,490,1785,78.9,20.7,9.2,4.8,16630,3458,2,65.1650164222959
"Kanawha","WV",903,207619,23.9,15.7,569,1342,72.4,17.6,12.3,7.5,17192,3569,3,49.3500113188099
"Ada","ID",1055,205775,27.6,10.4,367,557,87.2,24.9,6.2,4.1,18786,3866,4,47.1437249422913
"Washington","PA",857,204584,23.7,17.5,236,687,73.2,13.6,9.7,7,16625,3401,1,22.1229421655652
"St._Louis","MN",6226,198213,24.3,16.9,406,1391,80.3,17.3,9.7,6.5,15419,3056,2,37.9288946739114
"Cumberland","PA",550,195257,28.6,13.4,375,733,81,22.9,2.8,4.6,19254,3759,1,26.8722760259555
"Marion","FL",1579,194833,21.6,22.1,235,451,69.6,11.5,10.8,8.6,13802,2689,3,76.2704469981985
"Brown","WI",529,194594,29.6,10.8,289,632,82.6,17.7,6.7,4.6,18490,3598,2,41.6302660924797
"Leon","FL",667,192493,38.5,8.2,413,823,84.9,37.1,9.4,3.9,16422,3161,3,121.370647244315
"Brazoria","TX",1387,191707,28.7,7.8,156,318,75.5,15.1,7.7,5.6,17951,3441,3,45.3400240992765
"Bell","TX",1059,191088,34.6,8.8,513,572,79.1,17.2,12.2,6.7,13536,2587,3,56.8586201121996
"Kitsap","WA",396,189731,27.7,10.7,233,244,86.6,19.8,7.5,5.2,17009,3227,4,47.4144973673253
"Richmond","GA",324,189719,31.1,10,1032,1787,70.9,17.3,14.8,4.9,15941,3024,3,94.444942256706
"McLennan","TX",1042,189123,30,13.6,301,560,71.6,16.6,13.9,6.4,14925,2823,3,87.1707830353791
"Yakima","WA",4296,188823,25.1,13,231,518,66.1,13.7,15.6,11.6,15374,2903,4,80.1756141995414
"Davis","UT",305,187941,26.2,6.1,166,248,89.9,23.5,5.5,4.5,13394,2517,4,33.4094210417099
"Ottawa","MI",566,187768,28.9,9.8,163,313,79.8,18.7,3.8,6.5,18360,3447,2,32.699927570193
"Howard","MD",252,187328,29.8,6.1,695,208,91.1,46.9,2.2,4.1,27546,5160,3,48.3483515544927
"Barnstable","MA",396,186605,22.1,22,336,384,88.4,28.1,5.8,11.1,23267,4342,1,39.8756732134723
"Larimer","CO",2601,186136,32.1,9.6,278,409,88.6,32.3,6.6,4.1,17140,3190,4,47.9273219581381
"Beaver","PA",435,186093,23.6,16.9,197,616,74.9,11.9,10.8,9.7,15162,2822,1,21.9675108682218
"McHenry","IL",604,183241,26.3,9.4,160,371,84.5,21,2.5,7.1,21855,4005,2,26.4897048149704
"Peoria","IL",620,182827,26,14.2,581,1219,77.9,19.5,11.3,7.2,18342,3353,2,68.2776613957457
"Montgomery","TX",1044,182201,25.5,8.6,125,340,75.5,19.4,9.4,5.5,17084,3113,3,51.9700770028705
"Harford","MD",440,182132,28.8,8.3,247,333,81.6,21.5,4.1,6.7,20941,3814,3,36.9786748072826
"Butte","CA",1640,182120,28.2,17.3,327,625,77.6,19.5,12.2,9.4,15051,2741,4,49.0830221831759
"Clayton","GA",143,182052,32.4,5.8,191,346,77.2,14.7,7.3,5.8,16171,2944,3,84.6955814822139
"Durham","NC",291,181835,33.7,10.7,1944,1496,78.9,33.4,8.7,3.6,19238,3498,3,85.1156268045206
"Alachua","FL",874,181596,40.1,9.3,1180,1096,82.7,34.6,14.4,4.2,16058,2916,3,100.32159298663
"Saratoga","NY",812,181276,28.4,10.3,215,221,83,25.2,4.4,5.9,18857,3418,1,29.1323727354973
"Muscogee","GA",216,179278,30.6,10.8,360,1168,71.5,16.6,14.9,4.6,15505,2780,3,63.889601624293
"Merced","CA",1929,178403,28.2,9.2,185,337,63.1,12,15.4,14.6,13961,2491,4,48.1325986670628
"Sangamon","IL",868,178386,25.8,13.8,600,1330,81.8,22.4,7.2,4.8,19601,3497,2,66.8718397183635
"Gaston","NC",357,175093,27.3,12.1,142,368,60.9,10.8,8.2,6.2,16319,2857,3,67.7639882805138
"Racine","WI",333,175034,26,12,234,532,76.4,16.5,7.9,6.5,18426,3225,2,63.4733823142932
"Buncombe","NC",656,174821,24.8,16.1,469,725,74.5,19.1,8.2,4.9,16934,2960,3,54.4099393093507
"Cleveland","OK",536,174253,33.9,6.7,217,319,83.9,25.9,7,4.8,14443,2517,3,69.9787091183509
"Litchfield","CT",920,174092,25.4,14.1,278,411,80.9,25,2.4,7,25161,4380,1,20.6385129701537
"Champaign","IL",997,173025,41.6,8.8,382,805,87.5,34.1,8,4.5,16957,2934,2,66.5106198526225
"Placer","CA",1404,172796,23.5,12,329,322,85.1,22.7,5.3,6.8,20168,3485,4,51.5289705780226
"Jefferson","MO",657,171380,28.5,8.3,61,230,71.6,9,6,8.7,15896,2724,2,18.2518380207726
"Arlington_County","VA",26,170936,37.6,11.3,615,781,87.5,52.3,4.3,3.6,30242,5169,3,73.2788880048673
"Newport_News_City","VA",68,170045,33.9,9.3,354,836,79.3,18.4,12.2,6.5,15327,2606,3,69.2522567555647
"Calcasieu","LA",1071,168134,26.6,10.9,248,845,70.3,14.7,15.5,7.8,14968,2517,3,38.0589291874338
"Lexington","SC",701,167611,27.8,8.9,145,259,77.3,21,6.3,4.1,18126,3038,3,58.5522429912118
"Harrison","MS",581,165365,30,10.8,313,764,74.7,16.3,15.4,6.7,13691,2264,3,42.5906328424999
"Ulster","NY",1127,165304,27.8,13,258,413,76.6,21.6,5.6,5.9,18824,3112,1,28.438513284615
"Vanderburgh","IN",235,165058,27,15.7,411,1376,75.2,16,9.1,5.7,18093,2986,2,50.9214942626228
"Lafayette","LA",270,164762,31.1,8.3,361,1018,73.3,22.5,16.2,5,16868,2779,3,64.3291535669633
"York","ME",991,164587,26.4,12.6,172,404,79.5,19,4.7,6.9,17908,2947,1,36.6189310212836
"Cambria","PA",688,163029,23,18.7,301,892,71.2,10.8,11.2,9.2,14473,2360,1,19.5486692551632
"Wyandotte","KS",151,161993,27.4,13,494,1019,69.9,10.3,13.9,7.4,14134,2290,2,116.684054249258
"Berrien","MI",571,161378,25.2,13.7,199,688,74.7,16.7,11.6,9.1,16232,2619,2,75.778606749371
"Thurston","WA",727,161238,25.3,11.7,283,500,86.5,24.7,7.1,5.9,17312,2791,4,48.8842580533125
"Kent","RI",170,161135,26.2,15.1,264,359,76.8,20.5,3.7,8.6,20086,3237,1,45.3160393458901
"Shawnee","KS",550,160976,26.2,13.1,451,661,84.4,22.3,7.4,4.7,19558,3148,2,86.0066096809462
"Muskegon","MI",509,158983,25.8,13,182,660,74.2,11.1,12.4,12,14767,2348,2,76.6182547819578
"Weber","UT",576,158330,26,11.1,266,573,82.5,18,7.8,5.7,15301,2423,4,58.0496431503821
"Elkhart","IN",464,156198,26.8,11.2,164,478,72.8,14.2,5.3,6.4,16770,2619,2,48.4833352539725
"Rensselaer","NY",654,154429,29.8,13.2,213,616,77.7,19.5,6.6,6.3,17774,2745,1,34.300552357394
"Clay","MO",397,153411,28.3,10.4,108,693,84.7,20,4.2,5.7,18395,2822,2,72.2568785810666
"Schuylkill","PA",779,152585,22.9,20,147,634,68.4,8.1,7.7,9.7,15853,2419,1,13.887341481797
"Lake","FL",953,152104,19,27.5,167,664,70.6,12.7,7.9,8.9,17496,2661,3,46.6720138852364
"Collier","FL",2026,152099,22.4,22.8,282,431,79,22.3,6.4,7.5,25589,3892,3,61.9727940354637
"Butler","PA",789,152013,27,13.5,127,261,78.6,15.6,7.1,6.8,17251,2622,1,22.4980758224626
"Chesapeake_City","VA",341,151976,28.6,8.4,212,210,77.1,16.9,7,6.1,16924,2572,3,55.4495446649471
"Smith","TX",929,151309,26.2,13.7,349,795,75.7,19.8,12.6,6.6,17511,2650,3,77.4045165852659
"Tuscaloosa","AL",1325,150522,33.3,11.4,299,731,69.6,20,13.5,5.4,15113,2275,3,82.2271827374072
"Frederick","MD",663,150208,28.7,9.4,172,241,80.4,22,3.5,6,19954,2997,3,32.8810715807414
"Clermont","OH",452,150187,28.1,8.7,82,151,72.8,14.5,7.4,6,16231,2438,2,34.0508832322371
"St._Lucie","FL",573,150171,22.9,21,176,425,71.7,13.1,8.5,13.8,14137,2123,3,65.538619307323
"Bibb","GA",250,149967,27.5,12.9,438,1010,68.2,17,15.9,4.1,17548,2632,3,84.6919655657578
"Onslow","NC",767,149838,49.7,4.4,104,133,83,13.4,9.8,5.6,10190,1527,3,50.0874277553091
"Jackson","MI",707,149756,27.1,12.3,127,573,77.7,12.9,9.4,9.9,15750,2359,2,57.6270733726862
"Schenectady","NY",206,149285,26.1,16.5,403,721,80.7,23,5.7,5.6,20679,3087,1,42.6298690424356
"Rock_Island","IL",427,148723,24.9,15,209,769,77.4,15,10.2,7.5,17818,2650,2,48.1028489204763
"Clark","OH",400,147548,25.3,13.8,173,463,73.4,12.2,10.4,6.5,16676,2461,2,68.6624013880229
"Shasta","CA",3786,147036,22.8,14.1,267,468,78.4,13.7,11,10.3,16277,2393,4,49.8925433227237
"Penobscot","ME",3396,146601,30,11.5,268,598,79.1,17.7,9.5,8,15521,2275,1,32.3940491538257
"Hampshire","MA",529,146568,38.2,11.6,348,236,83,31.9,5.7,7.7,17853,2617,1,17.3775994760111
"Jackson","OR",2785,146389,22.1,16.2,263,522,80.1,17.6,9.7,7.6,15582,2281,4,48.979089958945
"Washington","MN",392,145896,26.5,6.6,113,92,90,26.2,3.6,4.6,20682,3017,2,36.7727696441301
"St._Clair","MI",725,145607,25.9,12.3,143,431,74.8,10.7,9.2,11.8,17480,2545,2,45.1077214694348
"Fayette","PA",790,145351,22.9,18,124,409,67.8,9.3,17.6,9.4,14051,2042,1,24.8501902291694
"Anderson","SC",718,145196,25.5,13.6,199,456,64,12.9,8.6,6.6,14205,2063,3,51.8264965977024
"St._Tammany","LA",854,144508,24.2,8.9,282,512,76.9,23.1,11.1,6.2,17129,2475,3,30.7733827884961
"Horry","SC",1134,144053,28.2,12.7,175,505,74.3,16,11.6,7.7,14693,2117,3,86.4890005761768
"Okaloosa","FL",936,143776,30.8,9.3,178,482,83.8,21,7.8,6.7,15803,2272,3,35.8404740707768
"Sullivan","TN",413,143596,24.6,14.3,377,982,66.8,15.6,10.4,4.4,15747,2261,3,43.4273935207109
"Middlesex","CT",369,143196,28.4,13.1,340,235,82.6,28.2,2.6,5.8,24132,3456,1,23.8065309086846
"Portage","OH",492,142585,33.6,9.4,101,285,79.3,17.6,7.6,6,16031,2286,2,19.4199950906477
"Ouachita","LA",611,142191,28.3,11.2,268,1043,71.6,18.9,19.6,6.4,13869,1972,3,74.5827795008123
"Kenton","KY",163,142031,28.3,11.5,263,733,74.4,17,8.2,5.4,16935,2405,3,48.7569615084031
"Chautauqua","NY",1062,141895,25.7,15.7,164,653,74.4,14.2,9.9,7.7,15197,2156,1,36.4917720849924
"Yolo","CA",1012,141092,36.5,9.6,339,168,79.1,30.3,9.8,7.2,19727,2783,4,75.4826637938366
"Outagamie","WI",640,140510,28.2,11.1,228,511,81.5,16.7,4.6,4.9,17182,2414,2,34.5882855312789
"Winnebago","WI",439,140320,30.3,12.8,242,528,80.6,18.2,5.3,4.8,17645,2476,2,43.9709236031927
"Williamson","TX",1124,139551,29.1,7.6,88,185,81.4,24.6,7.6,3.8,14934,2084,3,41.0172625061805
"Rock","WI",721,139510,26.2,12.6,171,491,78.2,13.3,7.8,9.7,16742,2336,2,54.784603254247
"Berkshire","MA",931,139352,26,16.9,375,598,77.9,20.9,6.3,10.1,20068,2797,1,27.7139904701762
"Cumberland","NJ",489,138053,26.7,13.5,181,534,63.4,10.8,10.2,10.7,16819,2322,1,65.706648895714
"Greene","OH",415,136731,28.5,9.8,134,210,82.4,26,7.1,5.2,18161,2483,2,38.1844643862767
"Calhoun","MI",709,135982,25.1,13.3,172,566,76.8,13.8,11,8.5,15944,2168,2,72.1419011339736
"Dona_Ana","NM",3807,135510,31.4,8.8,171,240,70.4,21.9,20.7,7.4,11379,1542,4,65.3088332964357
"Hampton_City","VA",52,133793,33,9.6,163,251,79.7,19.1,8.8,6.8,14743,1973,3,62.6041721166279
"Monroe","MI",551,133600,26.1,10.4,83,182,74.1,10.5,6.9,11.1,17278,2308,2,50.3443113772455
"Webb","TX",3357,133239,28.5,7.9,107,382,47.8,11.1,33.1,9.8,8973,1196,3,91.5797927033376
"Weld","CO",3993,131821,29.6,10.2,172,281,74.9,18.4,10.6,4.5,15874,2093,4,59.9373392706777
"Chittenden","VT",539,131761,35.8,8.1,696,573,86.7,34,5,4.4,19940,2627,1,35.9666365616533
"Rapides","LA",1323,131556,26.8,12,246,768,69,14.6,18.6,7.1,14615,1923,3,46.3756879199732
"York","SC",683,131497,28.7,10.6,121,276,67.5,16.9,7.6,5.5,16713,2198,3,72.4351125881199
"Sussex","NJ",521,130943,26.3,8.9,133,261,85.1,24.9,2.5,6.8,24405,3196,1,24.239554615367
"Madison","IN",452,130669,25.5,14,140,655,73.5,11.7,10.3,7.5,16018,2093,2,41.1191636884035
"Tippecanoe","IN",500,130598,42.3,9.5,232,635,85.2,30.7,6.8,3.2,15847,2070,2,47.0221596042818
"Blair","PA",526,130542,23.7,17,213,654,75,10.5,11,9,14779,1929,1,24.4825420171286
"McLean","IL",1184,129180,37,10.5,171,588,84.7,29,5.9,4.6,18961,2449,2,46.0520204366001
"Porter","IN",418,128932,26.4,9.8,170,379,82.4,18.5,4.6,4.5,17566,2265,2,31.1326901002079
"Tolland","CT",410,128699,33.9,9,164,173,84.7,29.2,2.7,5.9,21944,2824,1,13.9783525901522
"Licking","OH",687,128300,26.2,11.8,101,192,76.4,13,8.3,6.3,16412,2106,2,10.7560405300078
"Kenosha","WI",273,128181,27.5,12.6,140,334,75.1,12.7,7.6,6.4,17338,2222,2,51.6145138515068
"Whatcom","WA",2120,127780,28.8,12.5,203,214,83.2,22,7.4,6.3,16002,2045,4,55.3294725309125
"Bay","FL",764,126994,27.7,12,178,478,74.7,15.7,11.2,8,14814,1881,3,67.987463974676
"Davidson","NC",552,126677,26.9,12,78,221,64.2,10,7.3,5.9,15079,1910,3,44.6963537185124
"Richland","OH",497,126137,25,12.9,144,463,73.5,11.6,8.4,9.4,16191,2042,2,63.240762028588
"El_Dorado","CA",1712,125995,23,11.8,147,163,85.9,20.8,5.8,6.1,19250,2425,4,40.8905115282352
"Minnehaha","SD",809,123809,29.7,11.6,376,912,83.1,21.3,5.4,2.5,18526,2294,2,45.4328845237422
"Centre","PA",1108,123786,45,9,178,270,83.6,32.3,6.2,6.1,15476,1916,1,33.4125022215759
"Tazewell","IL",649,123692,23.9,13.2,98,297,78.6,13.6,7.1,7.4,18008,2227,2,25.38563528765
"Carroll","MD",449,123372,26.6,10.2,142,123,78.5,19.6,2.5,5.7,22002,2714,3,27.8020944784878
"Pueblo","CO",2389,123051,24.1,15.2,259,555,73.9,14,16.7,7,14197,1747,4,70.214788989931
"Wichita","TX",628,122378,29.5,12.8,243,457,75.1,16.5,12.5,6.8,17119,2095,3,87.6546438085277
"Medina","OH",422,122354,24.5,9.7,125,226,82.4,18,4.1,5.8,18892,2312,2,4.60140248786309
"Brazos","TX",586,121862,49.4,6.7,170,279,79.8,35.8,14.9,3.6,12641,1540,3,67.3138468103264
"Oswego","NY",953,121771,29.8,10.7,79,269,74.7,12.9,8.1,10,14834,1806,1,29.4158707738296
"Franklin","PA",772,121082,25.5,14.4,136,296,69.4,12.4,5.7,6.7,16281,1971,1,26.0567218909499
"Mercer","PA",672,121003,24.5,17.2,150,653,75.1,13.6,10.1,7.2,15177,1836,1,22.9498442187384
"Aiken","SC",1073,120940,26.7,11.4,128,191,70.7,17.2,11,4.9,17898,2165,3,56.5156275839259
"Hawaii","HI",4028,120317,22.5,12.6,182,391,77.7,18.5,10.9,4,16728,2013,4,60.0580134145632
"New_Hanover","NC",199,120284,29,12.5,297,554,78.1,21.2,9.9,5.9,17119,2059,3,98.8660170928802
"Merrimack","NH",935,120005,27.7,12.1,237,368,83.2,25.4,3.6,7.1,20600,2472,1,27.7071788675472
"Delaware","IN",393,119659,32.9,12.7,217,494,74.5,16.5,10.3,6.1,15697,1878,2,8.89193458076701
"Taylor","TX",916,119655,30.7,12,204,467,75.4,20.7,11.2,5.9,16021,1917,3,56.7046926580586
"Humboldt","CA",3573,119118,27.5,12.3,207,311,80.5,20,12.8,8.8,16138,1922,4,48.162326432613
"Ector","TX",901,118934,27.1,9.3,153,389,66.9,11.4,16.6,6.6,14766,1756,3,123.118704491567
"Stearns","MN",1345,118791,33.6,10.5,199,661,78.3,17.5,7.3,5.4,14757,1753,2,34.5228173851554
"Lycoming","PA",1235,118710,25.4,15.1,232,668,74.5,12.3,8.4,8,15778,1873,1,32.2298037233595
"Rutherford","TN",619,118570,33.1,8.4,133,215,73.9,18.7,7.6,5.4,15501,1838,3,51.2102555452475
"Catawba","NC",400,118412,27.2,11.9,179,464,66.7,14.2,4.8,6.4,17396,2060,3,57.6799648684255
"Macon","IL",581,117206,24.1,14.5,171,725,76.2,14.8,9.8,8.9,18021,2112,2,52.0707131034247
"Pinal","AZ",5370,116379,24.4,13.7,61,309,65.5,8.2,18.7,7.9,11396,1326,4,53.918662301618
"Calhoun","AL",609,116034,28.8,12.4,133,486,67.4,14.2,11.7,7.3,13776,1598,3,42.2376200079287
"Kennebec","ME",868,115904,26.1,13.4,241,497,78.9,18.1,7.3,6.8,17131,1986,1,36.0988404196576
"Livingston","MI",568,115645,25.3,8.2,68,93,85.6,19.6,3,8.1,21153,2446,2,32.513294997622
"Marathon","WI",1545,115400,25.9,12.7,172,254,75.9,13.5,5.5,5.9,16305,1882,2,31.6724436741768
"Jackson","MS",727,115243,25.9,9.4,170,346,74.4,14.4,14,7.1,13475,1553,3,41.4515415252987
"Florence","SC",799,114344,26.2,11.2,211,731,64.3,14.8,15.9,5.9,14961,1711,3,73.6461904428741
"Lebanon","PA",362,113744,25.3,15,162,196,70,11.8,5.2,5.9,16500,1877,1,25.6628921085947
"Yellowstone","MT",2635,113419,25.6,12.4,262,554,83.7,21.5,9,5.3,17272,1959,4,34.2006189439159
"Washington","AR",950,113409,32,11.2,208,651,73.2,20,9.8,3.7,14736,1671,3,53.9816063980813
"Wood","OH",617,113269,34.5,10.2,128,124,83.8,21.9,5,6.6,17522,1985,2,33.1864852695795
"Benton","WA",1703,112560,25.1,10.1,142,278,83.9,23.3,8.9,6.8,17332,1951,4,55.5170575692964
"Boone","MO",685,112379,40.9,8.4,746,1023,84.8,36.5,9.3,3.2,17175,1930,2,48.5499959956931
"St._Lawrence","NY",2686,111974,31.2,12.1,132,378,73.1,15.1,12.8,9.8,12704,1423,1,34.3919124082376
"Bay","MI",444,111723,25.4,13.4,101,415,74,11,10.2,9.2,16499,1843,2,43.4019852671339
"Comanche","OK",1069,111486,34.5,8.7,127,347,81.1,18.4,13.3,6.6,13228,1475,3,53.6300522038642
"Alexandria_City","VA",15,111183,38.3,10.3,652,662,86.9,48.5,4.7,4.6,31699,3524,3,76.7833211911893
"Kent","DE",591,110993,29.7,10.3,123,193,73.1,15,8.7,7.6,14946,1659,1,52.6699881974539
"Charlotte","FL",694,110975,16.6,33.8,183,632,75.7,13.4,5.2,7.2,16362,1816,3,33.7102951115116
"Jefferson","NY",1272,110943,32.7,10.9,124,336,76.4,13.6,9.5,11,15205,1687,1,27.6177857097789
"Napa","CA",754,110765,24.5,16.5,345,1019,80.7,22.3,4.6,5.9,22668,2511,4,45.6461878752313
"Rowan","NC",511,110605,26,15.2,114,244,66,11.7,6.8,5.4,15691,1736,3,47.3125084761087
"Washington","RI",333,110006,31,12.3,162,241,82.8,29.1,3.7,6.7,19449,2140,1,34.8890060542152
"Allen","OH",405,109755,26.2,13.4,168,560,76.1,11.4,10.4,7.3,16542,1816,2,43.1324313243132
"Imperial","CA",4175,109303,25.5,10.2,82,221,53.2,9.7,20.8,21.3,14523,1587,4,73.5752907056531
"Monroe","IN",394,108978,45.8,8.6,172,285,82.1,32.9,9.5,3.7,14266,1555,2,15.2049037420397
"Hamilton","IN",398,108936,25.1,8.2,257,122,88.7,36.2,2.6,2.8,25681,2798,2,15.5963134317397
"Columbiana","OH",533,108276,23.4,14.9,80,485,71.8,8.5,13,6.7,12597,1364,2,8.29362000812738
"Alamance","NC",431,108213,27.3,14.8,132,340,67.9,14.6,6,4.5,17306,1873,3,38.3687726982895
"Pitt","NC",652,107924,35.4,9.9,496,583,71,21.9,15.5,5.5,15852,1711,3,42.6503836032764
"Hunterdon","NJ",430,107776,25.6,9.5,184,182,85.9,34.6,1.8,4.1,30255,3261,1,19.187945368171
"Osceola","FL",1322,107728,27.1,13.9,98,291,73.7,11.2,6.9,6.7,16451,1772,3,89.7166938957374
"Yavapai","AZ",8124,107714,18.3,23.8,114,159,78.9,17.7,9.8,5.4,13681,1474,4,36.6897524927122
"La_Porte","IN",598,107066,26,13.1,149,519,73.9,11.7,7.8,5.8,16655,1783,2,56.2363402013711
"La_Salle","IL",1135,106913,23.8,17.2,104,504,73.1,10.5,8.7,9.6,16119,1723,2,27.8918372882624
"Yuma","AZ",5514,106895,27.4,13.8,118,197,64.9,12.7,15.4,17.8,11490,1228,4,50.6478319846578
"Midland","TX",900,106611,26.8,9,139,333,76.8,26.4,11.5,5.4,19345,2062,3,70.7806886719006
"Randolph","NC",788,106546,27.1,12.2,69,145,62,9.1,6.5,4.8,14721,1568,3,27.5937153905355
"Olmsted","MN",653,106470,29.3,10,1814,1437,88,29.5,4.5,3.3,20515,2184,2,40.4808866347328
"Vigo","IN",403,106107,30.2,15.1,179,576,76,18.1,10.7,5,15036,1595,2,32.3729819898781
"Clay","FL",601,105986,26.3,8.5,164,277,81.2,17.9,5.4,5.9,16029,1699,3,43.0245504123186
"Androscoggin","ME",470,105259,27.9,13.4,198,527,71.8,12.6,8.7,9.7,16154,1700,1,38.1915085645883
"Robeson","NC",949,105179,26.7,10.7,83,281,57,11,20.7,8.9,10849,1141,3,41.0538225311136
"Gregg","TX",274,104948,26.4,13.3,166,420,75.8,17.7,13.4,8.2,16775,1761,3,87.4814193695926
"Wayne","NC",553,104666,29.7,10.2,113,263,71.2,12.7,11.9,7.3,13350,1397,3,44.7327689985287
"Strafford","NH",369,104233,34.8,10.7,139,237,79.8,21.7,5.1,6.5,17182,1791,1,35.0272946187868
"Sheboygan","WI",514,103877,25.4,14.6,114,421,77.4,13.8,4.5,5.6,18061,1876,2,42.6754719524053
"Fairfield","OH",506,103461,25.2,11.3,86,195,78.8,15.5,6.8,6.3,16342,1691,2,6.0409236330598
"Sumner","TN",529,103281,25.5,10.2,96,259,70.6,14.4,7,6.8,16514,1706,3,31.8064309989253
"Cass","ND",1766,102874,34.4,9.8,343,643,87.1,26.5,7.3,2.5,16275,1674,2,33.0598596341155
"Sumter","SC",666,102637,31.6,9.4,88,214,69.8,15,16.9,9.4,11803,1211,3,69.5460701306546
"Sarpy","NE",241,102583,30.4,4.8,39,160,91,25.4,3.5,2.6,16137,1655,2,26.2129202694404
"Windham","CT",513,102525,28.5,12.5,123,254,71.1,16.8,6,9.2,18070,1853,1,13.6259448914899
"Kings","CA",1390,101469,33.7,7.7,82,180,65.6,9,15,12.8,13907,1411,4,43.845903675014
"Wayne","OH",555,101461,26.3,11.6,84,155,73.6,13.9,8.4,5.9,16464,1670,2,23.4277209962449
"Charles","MD",461,101154,29.9,6.5,67,104,81,16.2,3.7,4.9,19317,1954,3,52.1877533266109
"Hernando","FL",478,101115,16.4,30.7,98,290,70.5,9.7,7.9,8.2,13919,1407,3,43.6532660831726
"Martin","FL",556,100900,20.4,27.5,193,277,79.7,20.3,5,9.8,27125,2737,3,50.3567888999009
"Montgomery","TN",539,100498,35.7,7.9,87,188,77.9,16.5,10.8,8,13169,1323,3,65.0460705685685
"Maui","HI",1159,100374,26.2,11.3,192,182,77,17.8,5.7,3.2,18504,1857,4,71.0343315998167
"Morgan","AL",582,100043,26.3,11.7,122,464,69.4,15.5,9.4,7.1,16458,1647,3,46.9098287736273
